{"metaVersion":2,"host":"volpeon.ink","exportedAt":"2023-06-30T00:00:00.000Z","emojis":[{"downloaded":true,"fileName":"neofox_0_0.png","emoji":{"name":"neofox_0_0","category":"neofox","aliases":[]}},{"downloaded":true,"fileName":"neofox.png","emoji":{"name":"neofox","category":"neofox","aliases":[]}},{"downloaded":true,"fileName":"neofox_3c.png","emoji":{"name":"neofox_3c","category":"neofox","aliases":[]}},{"downloaded":true,"fileName":"neofox__w_.png","emoji":{"name":"neofox__w_","category":"neofox","aliases":[]}},{"downloaded":true,"fileName":"neofox_amogus.png","emoji":{"name":"neofox_amogus","category":"neofox","aliases":[]}},{"downloaded":true,"fileName":"neofox_angel.png","emoji":{"name":"neofox_angel","category":"neofox","aliases":[]}},{"downloaded":true,"fileName":"neofox_angel_pleading.png","emoji":{"name":"neofox_angel_pleading","category":"neofox","aliases":[]}},{"downloaded":true,"fileName":"neofox_angry.png","emoji":{"name":"neofox_angry","category":"neofox","aliases":[]}},{"downloaded":true,"fileName":"neofox_approve.png","emoji":{"name":"neofox_approve","category":"neofox","aliases":[]}},{"downloaded":true,"fileName":"neofox_astronaut.png","emoji":{"name":"neofox_astronaut","category":"neofox","aliases":[]}},{"downloaded":true,"fileName":"neofox_astronaut_gun.png","emoji":{"name":"neofox_astronaut_gun","category":"neofox","aliases":[]}},{"downloaded":true,"fileName":"neofox_aww.png","emoji":{"name":"neofox_aww","category":"neofox","aliases":[]}},{"downloaded":true,"fileName":"neofox_baa.png","emoji":{"name":"neofox_baa","category":"neofox","aliases":[]}},{"downloaded":true,"fileName":"neofox_blank.png","emoji":{"name":"neofox_blank","category":"neofox","aliases":[]}},{"downloaded":true,"fileName":"neofox_blep.png","emoji":{"name":"neofox_blep","category":"neofox","aliases":[]}},{"downloaded":true,"fileName":"neofox_blush.png","emoji":{"name":"neofox_blush","category":"neofox","aliases":[]}},{"downloaded":true,"fileName":"neofox_blush_hide.png","emoji":{"name":"neofox_blush_hide","category":"neofox","aliases":[]}},{"downloaded":true,"fileName":"neofox_bongo_down.png","emoji":{"name":"neofox_bongo_down","category":"neofox","aliases":[]}},{"downloaded":true,"fileName":"neofox_bongo_up.png","emoji":{"name":"neofox_bongo_up","category":"neofox","aliases":[]}},{"downloaded":true,"fileName":"neofox_book.png","emoji":{"name":"neofox_book","category":"neofox","aliases":[]}},{"downloaded":true,"fileName":"neofox_book_owo.png","emoji":{"name":"neofox_book_owo","category":"neofox","aliases":[]}},{"downloaded":true,"fileName":"neofox_boop.png","emoji":{"name":"neofox_boop","category":"neofox","aliases":[]}},{"downloaded":true,"fileName":"neofox_boop_blep.png","emoji":{"name":"neofox_boop_blep","category":"neofox","aliases":[]}},{"downloaded":true,"fileName":"neofox_boop_blush.png","emoji":{"name":"neofox_boop_blush","category":"neofox","aliases":[]}},{"downloaded":true,"fileName":"neofox_boop_cute.png","emoji":{"name":"neofox_boop_cute","category":"neofox","aliases":[]}},{"downloaded":true,"fileName":"neofox_boop_googly.png","emoji":{"name":"neofox_boop_googly","category":"neofox","aliases":[]}},{"downloaded":true,"fileName":"neofox_boop_happy.png","emoji":{"name":"neofox_boop_happy","category":"neofox","aliases":[]}},{"downloaded":true,"fileName":"neofox_boop_nervous.png","emoji":{"name":"neofox_boop_nervous","category":"neofox","aliases":[]}},{"downloaded":true,"fileName":"neofox_boop_owo.png","emoji":{"name":"neofox_boop_owo","category":"neofox","aliases":[]}},{"downloaded":true,"fileName":"neofox_boop_woozy.png","emoji":{"name":"neofox_boop_woozy","category":"neofox","aliases":[]}},{"downloaded":true,"fileName":"neofox_bottom.png","emoji":{"name":"neofox_bottom","category":"neofox","aliases":[]}},{"downloaded":true,"fileName":"neofox_box.png","emoji":{"name":"neofox_box","category":"neofox","aliases":[]}},{"downloaded":true,"fileName":"neofox_catmask.png","emoji":{"name":"neofox_catmask","category":"neofox","aliases":[]}},{"downloaded":true,"fileName":"neofox_catmode.png","emoji":{"name":"neofox_catmode","category":"neofox","aliases":[]}},{"downloaded":true,"fileName":"neofox_cofe.png","emoji":{"name":"neofox_cofe","category":"neofox","aliases":[]}},{"downloaded":true,"fileName":"neofox_comfy.png","emoji":{"name":"neofox_comfy","category":"neofox","aliases":[]}},{"downloaded":true,"fileName":"neofox_comfy__w_.png","emoji":{"name":"neofox_comfy__w_","category":"neofox","aliases":[]}},{"downloaded":true,"fileName":"neofox_comfy_happy.png","emoji":{"name":"neofox_comfy_happy","category":"neofox","aliases":[]}},{"downloaded":true,"fileName":"neofox_comfy_mug.png","emoji":{"name":"neofox_comfy_mug","category":"neofox","aliases":[]}},{"downloaded":true,"fileName":"neofox_comfy_sip.png","emoji":{"name":"neofox_comfy_sip","category":"neofox","aliases":[]}},{"downloaded":true,"fileName":"neofox_confused.png","emoji":{"name":"neofox_confused","category":"neofox","aliases":[]}},{"downloaded":true,"fileName":"neofox_cool.png","emoji":{"name":"neofox_cool","category":"neofox","aliases":[]}},{"downloaded":true,"fileName":"neofox_cool_fingerguns.png","emoji":{"name":"neofox_cool_fingerguns","category":"neofox","aliases":[]}},{"downloaded":true,"fileName":"neofox_cry.png","emoji":{"name":"neofox_cry","category":"neofox","aliases":[]}},{"downloaded":true,"fileName":"neofox_cry_loud.png","emoji":{"name":"neofox_cry_loud","category":"neofox","aliases":[]}},{"downloaded":true,"fileName":"neofox_cute.png","emoji":{"name":"neofox_cute","category":"neofox","aliases":[]}},{"downloaded":true,"fileName":"neofox_cute_reach.png","emoji":{"name":"neofox_cute_reach","category":"neofox","aliases":[]}},{"downloaded":true,"fileName":"neofox_devil.png","emoji":{"name":"neofox_devil","category":"neofox","aliases":[]}},{"downloaded":true,"fileName":"neofox_dizzy.png","emoji":{"name":"neofox_dizzy","category":"neofox","aliases":[]}},{"downloaded":true,"fileName":"neofox_drowsy.png","emoji":{"name":"neofox_drowsy","category":"neofox","aliases":[]}},{"downloaded":true,"fileName":"neofox_evil.png","emoji":{"name":"neofox_evil","category":"neofox","aliases":[]}},{"downloaded":true,"fileName":"neofox_evil_3c.png","emoji":{"name":"neofox_evil_3c","category":"neofox","aliases":[]}},{"downloaded":true,"fileName":"neofox_facepalm.png","emoji":{"name":"neofox_facepalm","category":"neofox","aliases":[]}},{"downloaded":true,"fileName":"neofox_fingerguns.png","emoji":{"name":"neofox_fingerguns","category":"neofox","aliases":[]}},{"downloaded":true,"fileName":"neofox_flag_ace.png","emoji":{"name":"neofox_flag_ace","category":"neofox","aliases":[]}},{"downloaded":true,"fileName":"neofox_flag_agender.png","emoji":{"name":"neofox_flag_agender","category":"neofox","aliases":[]}},{"downloaded":true,"fileName":"neofox_flag_ambiamorous.png","emoji":{"name":"neofox_flag_ambiamorous","category":"neofox","aliases":[]}},{"downloaded":true,"fileName":"neofox_flag_androgyne.png","emoji":{"name":"neofox_flag_androgyne","category":"neofox","aliases":[]}},{"downloaded":true,"fileName":"neofox_flag_aro.png","emoji":{"name":"neofox_flag_aro","category":"neofox","aliases":[]}},{"downloaded":true,"fileName":"neofox_flag_aroflux.png","emoji":{"name":"neofox_flag_aroflux","category":"neofox","aliases":[]}},{"downloaded":true,"fileName":"neofox_flag_bi.png","emoji":{"name":"neofox_flag_bi","category":"neofox","aliases":[]}},{"downloaded":true,"fileName":"neofox_flag_bigender.png","emoji":{"name":"neofox_flag_bigender","category":"neofox","aliases":[]}},{"downloaded":true,"fileName":"neofox_flag_demiace.png","emoji":{"name":"neofox_flag_demiace","category":"neofox","aliases":[]}},{"downloaded":true,"fileName":"neofox_flag_demiaro.png","emoji":{"name":"neofox_flag_demiaro","category":"neofox","aliases":[]}},{"downloaded":true,"fileName":"neofox_flag_demiflux.png","emoji":{"name":"neofox_flag_demiflux","category":"neofox","aliases":[]}},{"downloaded":true,"fileName":"neofox_flag_demigirl.png","emoji":{"name":"neofox_flag_demigirl","category":"neofox","aliases":[]}},{"downloaded":true,"fileName":"neofox_flag_demiguy.png","emoji":{"name":"neofox_flag_demiguy","category":"neofox","aliases":[]}},{"downloaded":true,"fileName":"neofox_flag_demilesbian.png","emoji":{"name":"neofox_flag_demilesbian","category":"neofox","aliases":[]}},{"downloaded":true,"fileName":"neofox_flag_deminb.png","emoji":{"name":"neofox_flag_deminb","category":"neofox","aliases":[]}},{"downloaded":true,"fileName":"neofox_flag_disabled.png","emoji":{"name":"neofox_flag_disabled","category":"neofox","aliases":[]}},{"downloaded":true,"fileName":"neofox_flag_finsexual.png","emoji":{"name":"neofox_flag_finsexual","category":"neofox","aliases":[]}},{"downloaded":true,"fileName":"neofox_flag_gay.png","emoji":{"name":"neofox_flag_gay","category":"neofox","aliases":[]}},{"downloaded":true,"fileName":"neofox_flag_genderfluid.png","emoji":{"name":"neofox_flag_genderfluid","category":"neofox","aliases":[]}},{"downloaded":true,"fileName":"neofox_flag_intersex.png","emoji":{"name":"neofox_flag_intersex","category":"neofox","aliases":[]}},{"downloaded":true,"fileName":"neofox_flag_lesbian.png","emoji":{"name":"neofox_flag_lesbian","category":"neofox","aliases":[]}},{"downloaded":true,"fileName":"neofox_flag_nb.png","emoji":{"name":"neofox_flag_nb","category":"neofox","aliases":[]}},{"downloaded":true,"fileName":"neofox_flag_pan.png","emoji":{"name":"neofox_flag_pan","category":"neofox","aliases":[]}},{"downloaded":true,"fileName":"neofox_flag_plural.png","emoji":{"name":"neofox_flag_plural","category":"neofox","aliases":[]}},{"downloaded":true,"fileName":"neofox_flag_polyam.png","emoji":{"name":"neofox_flag_polyam","category":"neofox","aliases":[]}},{"downloaded":true,"fileName":"neofox_flag_salmacian.png","emoji":{"name":"neofox_flag_salmacian","category":"neofox","aliases":[]}},{"downloaded":true,"fileName":"neofox_flag_sapphic.png","emoji":{"name":"neofox_flag_sapphic","category":"neofox","aliases":[]}},{"downloaded":true,"fileName":"neofox_flag_trans.png","emoji":{"name":"neofox_flag_trans","category":"neofox","aliases":[]}},{"downloaded":true,"fileName":"neofox_floof.png","emoji":{"name":"neofox_floof","category":"neofox","aliases":[]}},{"downloaded":true,"fileName":"neofox_floof__w_.png","emoji":{"name":"neofox_floof__w_","category":"neofox","aliases":[]}},{"downloaded":true,"fileName":"neofox_floof_angel.png","emoji":{"name":"neofox_floof_angel","category":"neofox","aliases":[]}},{"downloaded":true,"fileName":"neofox_floof_cute.png","emoji":{"name":"neofox_floof_cute","category":"neofox","aliases":[]}},{"downloaded":true,"fileName":"neofox_floof_devil.png","emoji":{"name":"neofox_floof_devil","category":"neofox","aliases":[]}},{"downloaded":true,"fileName":"neofox_floof_happy.png","emoji":{"name":"neofox_floof_happy","category":"neofox","aliases":[]}},{"downloaded":true,"fileName":"neofox_floof_mug.png","emoji":{"name":"neofox_floof_mug","category":"neofox","aliases":[]}},{"downloaded":true,"fileName":"neofox_floof_owo.png","emoji":{"name":"neofox_floof_owo","category":"neofox","aliases":[]}},{"downloaded":true,"fileName":"neofox_floof_reach.png","emoji":{"name":"neofox_floof_reach","category":"neofox","aliases":[]}},{"downloaded":true,"fileName":"neofox_floof_sad.png","emoji":{"name":"neofox_floof_sad","category":"neofox","aliases":[]}},{"downloaded":true,"fileName":"neofox_floof_sad_reach.png","emoji":{"name":"neofox_floof_sad_reach","category":"neofox","aliases":[]}},{"downloaded":true,"fileName":"neofox_flop.png","emoji":{"name":"neofox_flop","category":"neofox","aliases":[]}},{"downloaded":true,"fileName":"neofox_flop__w_.png","emoji":{"name":"neofox_flop__w_","category":"neofox","aliases":[]}},{"downloaded":true,"fileName":"neofox_flop_blep.png","emoji":{"name":"neofox_flop_blep","category":"neofox","aliases":[]}},{"downloaded":true,"fileName":"neofox_flop_happy.png","emoji":{"name":"neofox_flop_happy","category":"neofox","aliases":[]}},{"downloaded":true,"fileName":"neofox_flop_sleep.png","emoji":{"name":"neofox_flop_sleep","category":"neofox","aliases":[]}},{"downloaded":true,"fileName":"neofox_flush.png","emoji":{"name":"neofox_flush","category":"neofox","aliases":[]}},{"downloaded":true,"fileName":"neofox_glare.png","emoji":{"name":"neofox_glare","category":"neofox","aliases":[]}},{"downloaded":true,"fileName":"neofox_glare_sob.png","emoji":{"name":"neofox_glare_sob","category":"neofox","aliases":[]}},{"downloaded":true,"fileName":"neofox_glasses.png","emoji":{"name":"neofox_glasses","category":"neofox","aliases":[]}},{"downloaded":true,"fileName":"neofox_googly.png","emoji":{"name":"neofox_googly","category":"neofox","aliases":[]}},{"downloaded":true,"fileName":"neofox_googly_blep.png","emoji":{"name":"neofox_googly_blep","category":"neofox","aliases":[]}},{"downloaded":true,"fileName":"neofox_googly_drool.png","emoji":{"name":"neofox_googly_drool","category":"neofox","aliases":[]}},{"downloaded":true,"fileName":"neofox_googly_shocked.png","emoji":{"name":"neofox_googly_shocked","category":"neofox","aliases":[]}},{"downloaded":true,"fileName":"neofox_googly_woozy.png","emoji":{"name":"neofox_googly_woozy","category":"neofox","aliases":[]}},{"downloaded":true,"fileName":"neofox_gun.png","emoji":{"name":"neofox_gun","category":"neofox","aliases":[]}},{"downloaded":true,"fileName":"neofox_happy.png","emoji":{"name":"neofox_happy","category":"neofox","aliases":[]}},{"downloaded":true,"fileName":"neofox_happy_blep.png","emoji":{"name":"neofox_happy_blep","category":"neofox","aliases":[]}},{"downloaded":true,"fileName":"neofox_heart.png","emoji":{"name":"neofox_heart","category":"neofox","aliases":[]}},{"downloaded":true,"fileName":"neofox_hug.png","emoji":{"name":"neofox_hug","category":"neofox","aliases":[]}},{"downloaded":true,"fileName":"neofox_hug_blob.png","emoji":{"name":"neofox_hug_blob","category":"neofox","aliases":[]}},{"downloaded":true,"fileName":"neofox_hug_blob_heart.png","emoji":{"name":"neofox_hug_blob_heart","category":"neofox","aliases":[]}},{"downloaded":true,"fileName":"neofox_hug_blob_sad.png","emoji":{"name":"neofox_hug_blob_sad","category":"neofox","aliases":[]}},{"downloaded":true,"fileName":"neofox_hug_bun.png","emoji":{"name":"neofox_hug_bun","category":"neofox","aliases":[]}},{"downloaded":true,"fileName":"neofox_hug_bun_heart.png","emoji":{"name":"neofox_hug_bun_heart","category":"neofox","aliases":[]}},{"downloaded":true,"fileName":"neofox_hug_bun_sad.png","emoji":{"name":"neofox_hug_bun_sad","category":"neofox","aliases":[]}},{"downloaded":true,"fileName":"neofox_hug_cat.png","emoji":{"name":"neofox_hug_cat","category":"neofox","aliases":[]}},{"downloaded":true,"fileName":"neofox_hug_cat_heart.png","emoji":{"name":"neofox_hug_cat_heart","category":"neofox","aliases":[]}},{"downloaded":true,"fileName":"neofox_hug_cat_sad.png","emoji":{"name":"neofox_hug_cat_sad","category":"neofox","aliases":[]}},{"downloaded":true,"fileName":"neofox_hug_dragn.png","emoji":{"name":"neofox_hug_dragn","category":"neofox","aliases":[]}},{"downloaded":true,"fileName":"neofox_hug_dragn_alt.png","emoji":{"name":"neofox_hug_dragn_alt","category":"neofox","aliases":[]}},{"downloaded":true,"fileName":"neofox_hug_dragn_heart.png","emoji":{"name":"neofox_hug_dragn_heart","category":"neofox","aliases":[]}},{"downloaded":true,"fileName":"neofox_hug_dragn_sad.png","emoji":{"name":"neofox_hug_dragn_sad","category":"neofox","aliases":[]}},{"downloaded":true,"fileName":"neofox_hug_dragn_sad_alt.png","emoji":{"name":"neofox_hug_dragn_sad_alt","category":"neofox","aliases":[]}},{"downloaded":true,"fileName":"neofox_hug_duck.png","emoji":{"name":"neofox_hug_duck","category":"neofox","aliases":[]}},{"downloaded":true,"fileName":"neofox_hug_duck_heart.png","emoji":{"name":"neofox_hug_duck_heart","category":"neofox","aliases":[]}},{"downloaded":true,"fileName":"neofox_hug_duck_sad.png","emoji":{"name":"neofox_hug_duck_sad","category":"neofox","aliases":[]}},{"downloaded":true,"fileName":"neofox_hug_haj.png","emoji":{"name":"neofox_hug_haj","category":"neofox","aliases":[]}},{"downloaded":true,"fileName":"neofox_hug_haj_heart.png","emoji":{"name":"neofox_hug_haj_heart","category":"neofox","aliases":[]}},{"downloaded":true,"fileName":"neofox_hug_haj_sad.png","emoji":{"name":"neofox_hug_haj_sad","category":"neofox","aliases":[]}},{"downloaded":true,"fileName":"neofox_hug_heart.png","emoji":{"name":"neofox_hug_heart","category":"neofox","aliases":[]}},{"downloaded":true,"fileName":"neofox_hug_sad.png","emoji":{"name":"neofox_hug_sad","category":"neofox","aliases":[]}},{"downloaded":true,"fileName":"neofox_hyper.png","emoji":{"name":"neofox_hyper","category":"neofox","aliases":[]}},{"downloaded":true,"fileName":"neofox_kirby.png","emoji":{"name":"neofox_kirby","category":"neofox","aliases":[]}},{"downloaded":true,"fileName":"neofox_kirby_succ.png","emoji":{"name":"neofox_kirby_succ","category":"neofox","aliases":[]}},{"downloaded":true,"fileName":"neofox_kisser.png","emoji":{"name":"neofox_kisser","category":"neofox","aliases":[]}},{"downloaded":true,"fileName":"neofox_knife.png","emoji":{"name":"neofox_knife","category":"neofox","aliases":[]}},{"downloaded":true,"fileName":"neofox_knives.png","emoji":{"name":"neofox_knives","category":"neofox","aliases":[]}},{"downloaded":true,"fileName":"neofox_laptop.png","emoji":{"name":"neofox_laptop","category":"neofox","aliases":[]}},{"downloaded":true,"fileName":"neofox_laptop_notice.png","emoji":{"name":"neofox_laptop_notice","category":"neofox","aliases":[]}},{"downloaded":true,"fileName":"neofox_laptop_owo.png","emoji":{"name":"neofox_laptop_owo","category":"neofox","aliases":[]}},{"downloaded":true,"fileName":"neofox_laugh.png","emoji":{"name":"neofox_laugh","category":"neofox","aliases":[]}},{"downloaded":true,"fileName":"neofox_laugh_nervous.png","emoji":{"name":"neofox_laugh_nervous","category":"neofox","aliases":[]}},{"downloaded":true,"fileName":"neofox_laugh_sweat.png","emoji":{"name":"neofox_laugh_sweat","category":"neofox","aliases":[]}},{"downloaded":true,"fileName":"neofox_laugh_tears.png","emoji":{"name":"neofox_laugh_tears","category":"neofox","aliases":[]}},{"downloaded":true,"fileName":"neofox_lul.png","emoji":{"name":"neofox_lul","category":"neofox","aliases":[]}},{"downloaded":true,"fileName":"neofox_magnify.png","emoji":{"name":"neofox_magnify","category":"neofox","aliases":[]}},{"downloaded":true,"fileName":"neofox_melt.png","emoji":{"name":"neofox_melt","category":"neofox","aliases":[]}},{"downloaded":true,"fileName":"neofox_melt_2.png","emoji":{"name":"neofox_melt_2","category":"neofox","aliases":[]}},{"downloaded":true,"fileName":"neofox_melt_3.png","emoji":{"name":"neofox_melt_3","category":"neofox","aliases":[]}},{"downloaded":true,"fileName":"neofox_melt_blep.png","emoji":{"name":"neofox_melt_blep","category":"neofox","aliases":[]}},{"downloaded":true,"fileName":"neofox_melt_blush.png","emoji":{"name":"neofox_melt_blush","category":"neofox","aliases":[]}},{"downloaded":true,"fileName":"neofox_melt_happy.png","emoji":{"name":"neofox_melt_happy","category":"neofox","aliases":[]}},{"downloaded":true,"fileName":"neofox_melt_reach.png","emoji":{"name":"neofox_melt_reach","category":"neofox","aliases":[]}},{"downloaded":true,"fileName":"neofox_melt_sob.png","emoji":{"name":"neofox_melt_sob","category":"neofox","aliases":[]}},{"downloaded":true,"fileName":"neofox_melt_sob_heart.png","emoji":{"name":"neofox_melt_sob_heart","category":"neofox","aliases":[]}},{"downloaded":true,"fileName":"neofox_mug.png","emoji":{"name":"neofox_mug","category":"neofox","aliases":[]}},{"downloaded":true,"fileName":"neofox_mug__w_.png","emoji":{"name":"neofox_mug__w_","category":"neofox","aliases":[]}},{"downloaded":true,"fileName":"neofox_mug_drink.png","emoji":{"name":"neofox_mug_drink","category":"neofox","aliases":[]}},{"downloaded":true,"fileName":"neofox_mug_owo.png","emoji":{"name":"neofox_mug_owo","category":"neofox","aliases":[]}},{"downloaded":true,"fileName":"neofox_nervous.png","emoji":{"name":"neofox_nervous","category":"neofox","aliases":[]}},{"downloaded":true,"fileName":"neofox_nom_blob.png","emoji":{"name":"neofox_nom_blob","category":"neofox","aliases":[]}},{"downloaded":true,"fileName":"neofox_nom_blob_nervous.png","emoji":{"name":"neofox_nom_blob_nervous","category":"neofox","aliases":[]}},{"downloaded":true,"fileName":"neofox_nom_bread.png","emoji":{"name":"neofox_nom_bread","category":"neofox","aliases":[]}},{"downloaded":true,"fileName":"neofox_nom_bun.png","emoji":{"name":"neofox_nom_bun","category":"neofox","aliases":[]}},{"downloaded":true,"fileName":"neofox_nom_bun_nervous.png","emoji":{"name":"neofox_nom_bun_nervous","category":"neofox","aliases":[]}},{"downloaded":true,"fileName":"neofox_nom_burger.png","emoji":{"name":"neofox_nom_burger","category":"neofox","aliases":[]}},{"downloaded":true,"fileName":"neofox_nom_cat.png","emoji":{"name":"neofox_nom_cat","category":"neofox","aliases":[]}},{"downloaded":true,"fileName":"neofox_nom_cat_nervous.png","emoji":{"name":"neofox_nom_cat_nervous","category":"neofox","aliases":[]}},{"downloaded":true,"fileName":"neofox_nom_cookie.png","emoji":{"name":"neofox_nom_cookie","category":"neofox","aliases":[]}},{"downloaded":true,"fileName":"neofox_nom_donut.png","emoji":{"name":"neofox_nom_donut","category":"neofox","aliases":[]}},{"downloaded":true,"fileName":"neofox_nom_dragn.png","emoji":{"name":"neofox_nom_dragn","category":"neofox","aliases":[]}},{"downloaded":true,"fileName":"neofox_nom_dragn_nervous.png","emoji":{"name":"neofox_nom_dragn_nervous","category":"neofox","aliases":[]}},{"downloaded":true,"fileName":"neofox_nom_egg.png","emoji":{"name":"neofox_nom_egg","category":"neofox","aliases":[]}},{"downloaded":true,"fileName":"neofox_nom_fox.png","emoji":{"name":"neofox_nom_fox","category":"neofox","aliases":[]}},{"downloaded":true,"fileName":"neofox_nom_fox_nervous.png","emoji":{"name":"neofox_nom_fox_nervous","category":"neofox","aliases":[]}},{"downloaded":true,"fileName":"neofox_nom_haj.png","emoji":{"name":"neofox_nom_haj","category":"neofox","aliases":[]}},{"downloaded":true,"fileName":"neofox_nom_haj_nervous.png","emoji":{"name":"neofox_nom_haj_nervous","category":"neofox","aliases":[]}},{"downloaded":true,"fileName":"neofox_nom_melon.png","emoji":{"name":"neofox_nom_melon","category":"neofox","aliases":[]}},{"downloaded":true,"fileName":"neofox_nom_pita.png","emoji":{"name":"neofox_nom_pita","category":"neofox","aliases":[]}},{"downloaded":true,"fileName":"neofox_nom_pizza.png","emoji":{"name":"neofox_nom_pizza","category":"neofox","aliases":[]}},{"downloaded":true,"fileName":"neofox_nom_toblerone.png","emoji":{"name":"neofox_nom_toblerone","category":"neofox","aliases":[]}},{"downloaded":true,"fileName":"neofox_nom_verified.png","emoji":{"name":"neofox_nom_verified","category":"neofox","aliases":[]}},{"downloaded":true,"fileName":"neofox_nom_waffle.png","emoji":{"name":"neofox_nom_waffle","category":"neofox","aliases":[]}},{"downloaded":true,"fileName":"neofox_notice.png","emoji":{"name":"neofox_notice","category":"neofox","aliases":[]}},{"downloaded":true,"fileName":"neofox_o_o.png","emoji":{"name":"neofox_o_o","category":"neofox","aliases":[]}},{"downloaded":true,"fileName":"neofox_owo.png","emoji":{"name":"neofox_owo","category":"neofox","aliases":[]}},{"downloaded":true,"fileName":"neofox_owo_blep.png","emoji":{"name":"neofox_owo_blep","category":"neofox","aliases":[]}},{"downloaded":true,"fileName":"neofox_pat.png","emoji":{"name":"neofox_pat","category":"neofox","aliases":[]}},{"downloaded":true,"fileName":"neofox_pat_floof.png","emoji":{"name":"neofox_pat_floof","category":"neofox","aliases":[]}},{"downloaded":true,"fileName":"neofox_pat_flop.png","emoji":{"name":"neofox_pat_flop","category":"neofox","aliases":[]}},{"downloaded":true,"fileName":"neofox_pat_googly.png","emoji":{"name":"neofox_pat_googly","category":"neofox","aliases":[]}},{"downloaded":true,"fileName":"neofox_pat_happy.png","emoji":{"name":"neofox_pat_happy","category":"neofox","aliases":[]}},{"downloaded":true,"fileName":"neofox_pat_sad.png","emoji":{"name":"neofox_pat_sad","category":"neofox","aliases":[]}},{"downloaded":true,"fileName":"neofox_pat_snug.png","emoji":{"name":"neofox_pat_snug","category":"neofox","aliases":[]}},{"downloaded":true,"fileName":"neofox_pat_sob.png","emoji":{"name":"neofox_pat_sob","category":"neofox","aliases":[]}},{"downloaded":true,"fileName":"neofox_pat_up.png","emoji":{"name":"neofox_pat_up","category":"neofox","aliases":[]}},{"downloaded":true,"fileName":"neofox_pat_woozy.png","emoji":{"name":"neofox_pat_woozy","category":"neofox","aliases":[]}},{"downloaded":true,"fileName":"neofox_peek.png","emoji":{"name":"neofox_peek","category":"neofox","aliases":[]}},{"downloaded":true,"fileName":"neofox_peek_bread.png","emoji":{"name":"neofox_peek_bread","category":"neofox","aliases":[]}},{"downloaded":true,"fileName":"neofox_peek_comfy.png","emoji":{"name":"neofox_peek_comfy","category":"neofox","aliases":[]}},{"downloaded":true,"fileName":"neofox_peek_knife.png","emoji":{"name":"neofox_peek_knife","category":"neofox","aliases":[]}},{"downloaded":true,"fileName":"neofox_peek_owo.png","emoji":{"name":"neofox_peek_owo","category":"neofox","aliases":[]}},{"downloaded":true,"fileName":"neofox_pensive.png","emoji":{"name":"neofox_pensive","category":"neofox","aliases":[]}},{"downloaded":true,"fileName":"neofox_phone.png","emoji":{"name":"neofox_phone","category":"neofox","aliases":[]}},{"downloaded":true,"fileName":"neofox_pleading.png","emoji":{"name":"neofox_pleading","category":"neofox","aliases":[]}},{"downloaded":true,"fileName":"neofox_pleading_reach.png","emoji":{"name":"neofox_pleading_reach","category":"neofox","aliases":[]}},{"downloaded":true,"fileName":"neofox_police.png","emoji":{"name":"neofox_police","category":"neofox","aliases":[]}},{"downloaded":true,"fileName":"neofox_pout.png","emoji":{"name":"neofox_pout","category":"neofox","aliases":[]}},{"downloaded":true,"fileName":"neofox_rainbow.png","emoji":{"name":"neofox_rainbow","category":"neofox","aliases":[]}},{"downloaded":true,"fileName":"neofox_reach.png","emoji":{"name":"neofox_reach","category":"neofox","aliases":[]}},{"downloaded":true,"fileName":"neofox_reach_drool.png","emoji":{"name":"neofox_reach_drool","category":"neofox","aliases":[]}},{"downloaded":true,"fileName":"neofox_reject.png","emoji":{"name":"neofox_reject","category":"neofox","aliases":[]}},{"downloaded":true,"fileName":"neofox_sad.png","emoji":{"name":"neofox_sad","category":"neofox","aliases":[]}},{"downloaded":true,"fileName":"neofox_sad_reach.png","emoji":{"name":"neofox_sad_reach","category":"neofox","aliases":[]}},{"downloaded":true,"fileName":"neofox_santa.png","emoji":{"name":"neofox_santa","category":"neofox","aliases":[]}},{"downloaded":true,"fileName":"neofox_science.png","emoji":{"name":"neofox_science","category":"neofox","aliases":[]}},{"downloaded":true,"fileName":"neofox_scream.png","emoji":{"name":"neofox_scream","category":"neofox","aliases":[]}},{"downloaded":true,"fileName":"neofox_scream_angry.png","emoji":{"name":"neofox_scream_angry","category":"neofox","aliases":[]}},{"downloaded":true,"fileName":"neofox_scream_scared.png","emoji":{"name":"neofox_scream_scared","category":"neofox","aliases":[]}},{"downloaded":true,"fileName":"neofox_scream_stare.png","emoji":{"name":"neofox_scream_stare","category":"neofox","aliases":[]}},{"downloaded":true,"fileName":"neofox_shocked.png","emoji":{"name":"neofox_shocked","category":"neofox","aliases":[]}},{"downloaded":true,"fileName":"neofox_shy.png","emoji":{"name":"neofox_shy","category":"neofox","aliases":[]}},{"downloaded":true,"fileName":"neofox_sign_aaa.png","emoji":{"name":"neofox_sign_aaa","category":"neofox","aliases":[]}},{"downloaded":true,"fileName":"neofox_sign_no.png","emoji":{"name":"neofox_sign_no","category":"neofox","aliases":[]}},{"downloaded":true,"fileName":"neofox_sign_nya.png","emoji":{"name":"neofox_sign_nya","category":"neofox","aliases":[]}},{"downloaded":true,"fileName":"neofox_sign_thx.png","emoji":{"name":"neofox_sign_thx","category":"neofox","aliases":[]}},{"downloaded":true,"fileName":"neofox_sign_yes.png","emoji":{"name":"neofox_sign_yes","category":"neofox","aliases":[]}},{"downloaded":true,"fileName":"neofox_sign_yip.png","emoji":{"name":"neofox_sign_yip","category":"neofox","aliases":[]}},{"downloaded":true,"fileName":"neofox_sip.png","emoji":{"name":"neofox_sip","category":"neofox","aliases":[]}},{"downloaded":true,"fileName":"neofox_sip_glare.png","emoji":{"name":"neofox_sip_glare","category":"neofox","aliases":[]}},{"downloaded":true,"fileName":"neofox_sip_nervous.png","emoji":{"name":"neofox_sip_nervous","category":"neofox","aliases":[]}},{"downloaded":true,"fileName":"neofox_sip_owo.png","emoji":{"name":"neofox_sip_owo","category":"neofox","aliases":[]}},{"downloaded":true,"fileName":"neofox_smol.png","emoji":{"name":"neofox_smol","category":"neofox","aliases":[]}},{"downloaded":true,"fileName":"neofox_smug.png","emoji":{"name":"neofox_smug","category":"neofox","aliases":[]}},{"downloaded":true,"fileName":"neofox_snug.png","emoji":{"name":"neofox_snug","category":"neofox","aliases":[]}},{"downloaded":true,"fileName":"neofox_snug_glare.png","emoji":{"name":"neofox_snug_glare","category":"neofox","aliases":[]}},{"downloaded":true,"fileName":"neofox_snug_nervous.png","emoji":{"name":"neofox_snug_nervous","category":"neofox","aliases":[]}},{"downloaded":true,"fileName":"neofox_snug_owo.png","emoji":{"name":"neofox_snug_owo","category":"neofox","aliases":[]}},{"downloaded":true,"fileName":"neofox_snuggle.png","emoji":{"name":"neofox_snuggle","category":"neofox","aliases":[]}},{"downloaded":true,"fileName":"neofox_snuggle_cat.png","emoji":{"name":"neofox_snuggle_cat","category":"neofox","aliases":[]}},{"downloaded":true,"fileName":"neofox_sob.png","emoji":{"name":"neofox_sob","category":"neofox","aliases":[]}},{"downloaded":true,"fileName":"neofox_solder.png","emoji":{"name":"neofox_solder","category":"neofox","aliases":[]}},{"downloaded":true,"fileName":"neofox_solder_googly.png","emoji":{"name":"neofox_solder_googly","category":"neofox","aliases":[]}},{"downloaded":true,"fileName":"neofox_stretch_dl.png","emoji":{"name":"neofox_stretch_dl","category":"neofox","aliases":[]}},{"downloaded":true,"fileName":"neofox_stretch_down.png","emoji":{"name":"neofox_stretch_down","category":"neofox","aliases":[]}},{"downloaded":true,"fileName":"neofox_stretch_down_end.png","emoji":{"name":"neofox_stretch_down_end","category":"neofox","aliases":[]}},{"downloaded":true,"fileName":"neofox_stretch_dr.png","emoji":{"name":"neofox_stretch_dr","category":"neofox","aliases":[]}},{"downloaded":true,"fileName":"neofox_stretch_h.png","emoji":{"name":"neofox_stretch_h","category":"neofox","aliases":[]}},{"downloaded":true,"fileName":"neofox_stretch_left.png","emoji":{"name":"neofox_stretch_left","category":"neofox","aliases":[]}},{"downloaded":true,"fileName":"neofox_stretch_right.png","emoji":{"name":"neofox_stretch_right","category":"neofox","aliases":[]}},{"downloaded":true,"fileName":"neofox_stretch_ul.png","emoji":{"name":"neofox_stretch_ul","category":"neofox","aliases":[]}},{"downloaded":true,"fileName":"neofox_stretch_up.png","emoji":{"name":"neofox_stretch_up","category":"neofox","aliases":[]}},{"downloaded":true,"fileName":"neofox_stretch_ur.png","emoji":{"name":"neofox_stretch_ur","category":"neofox","aliases":[]}},{"downloaded":true,"fileName":"neofox_stretch_v.png","emoji":{"name":"neofox_stretch_v","category":"neofox","aliases":[]}},{"downloaded":true,"fileName":"neofox_surprised.png","emoji":{"name":"neofox_surprised","category":"neofox","aliases":[]}},{"downloaded":true,"fileName":"neofox_surprised_pika.png","emoji":{"name":"neofox_surprised_pika","category":"neofox","aliases":[]}},{"downloaded":true,"fileName":"neofox_sweat.png","emoji":{"name":"neofox_sweat","category":"neofox","aliases":[]}},{"downloaded":true,"fileName":"neofox_thief.png","emoji":{"name":"neofox_thief","category":"neofox","aliases":[]}},{"downloaded":true,"fileName":"neofox_think.png","emoji":{"name":"neofox_think","category":"neofox","aliases":[]}},{"downloaded":true,"fileName":"neofox_think_anime.png","emoji":{"name":"neofox_think_anime","category":"neofox","aliases":[]}},{"downloaded":true,"fileName":"neofox_think_cool.png","emoji":{"name":"neofox_think_cool","category":"neofox","aliases":[]}},{"downloaded":true,"fileName":"neofox_think_googly.png","emoji":{"name":"neofox_think_googly","category":"neofox","aliases":[]}},{"downloaded":true,"fileName":"neofox_think_owo.png","emoji":{"name":"neofox_think_owo","category":"neofox","aliases":[]}},{"downloaded":true,"fileName":"neofox_think_woozy.png","emoji":{"name":"neofox_think_woozy","category":"neofox","aliases":[]}},{"downloaded":true,"fileName":"neofox_thinking.png","emoji":{"name":"neofox_thinking","category":"neofox","aliases":[]}},{"downloaded":true,"fileName":"neofox_thonk.png","emoji":{"name":"neofox_thonk","category":"neofox","aliases":[]}},{"downloaded":true,"fileName":"neofox_thumbsdown.png","emoji":{"name":"neofox_thumbsdown","category":"neofox","aliases":[]}},{"downloaded":true,"fileName":"neofox_thumbsup.png","emoji":{"name":"neofox_thumbsup","category":"neofox","aliases":[]}},{"downloaded":true,"fileName":"neofox_up.png","emoji":{"name":"neofox_up","category":"neofox","aliases":[]}},{"downloaded":true,"fileName":"neofox_up__w_.png","emoji":{"name":"neofox_up__w_","category":"neofox","aliases":[]}},{"downloaded":true,"fileName":"neofox_up_paws.png","emoji":{"name":"neofox_up_paws","category":"neofox","aliases":[]}},{"downloaded":true,"fileName":"neofox_up_sleep.png","emoji":{"name":"neofox_up_sleep","category":"neofox","aliases":[]}},{"downloaded":true,"fileName":"neofox_uwu.png","emoji":{"name":"neofox_uwu","category":"neofox","aliases":[]}},{"downloaded":true,"fileName":"neofox_verified.png","emoji":{"name":"neofox_verified","category":"neofox","aliases":[]}},{"downloaded":true,"fileName":"neofox_vr.png","emoji":{"name":"neofox_vr","category":"neofox","aliases":[]}},{"downloaded":true,"fileName":"neofox_what.png","emoji":{"name":"neofox_what","category":"neofox","aliases":[]}},{"downloaded":true,"fileName":"neofox_wink.png","emoji":{"name":"neofox_wink","category":"neofox","aliases":[]}},{"downloaded":true,"fileName":"neofox_wink_blep.png","emoji":{"name":"neofox_wink_blep","category":"neofox","aliases":[]}},{"downloaded":true,"fileName":"neofox_woozy.png","emoji":{"name":"neofox_woozy","category":"neofox","aliases":[]}},{"downloaded":true,"fileName":"neofox_x_x.png","emoji":{"name":"neofox_x_x","category":"neofox","aliases":[]}},{"downloaded":true,"fileName":"neofox_yeet.png","emoji":{"name":"neofox_yeet","category":"neofox","aliases":[]}},{"downloaded":true,"fileName":"neofox_yell.png","emoji":{"name":"neofox_yell","category":"neofox","aliases":[]}}]}